name	team	pos	opp	proj	st	rost	fpts	avg
Derrick Henry	BAL	RB	@IND	16.3	96.0	99.6	282.5	16.6
George Pickens	DAL	WR	@NYG	14.5	93.3	99.6	243.9	14.3
Drake London	ATL	WR	@PIT	15.4	95.9	99.4	275.1	16.2
Nico Collins	HOU	WR	BUF	16.0	94.7	99.4	254.8	15.0
A.J. Brown	NE	WR	@SEA	14.0	90.5	99.3	253.6	14.9
Kenneth Walker III	KC	RB	DEN	15.1	90.6	99.3	278.9	16.4
Josh Jacobs	GB	RB	@MIN	16.2	92.1	99.2	279.8	16.5
Drake Maye	NE	QB	@SEA	15.5	80.2	99.1	309.8	18.2
Tyler Warren	IND	TE	BAL	12.2	94.8	99.0	210.7	12.4
Colston Loveland	CHI	TE	@CAR	12.1	95.2	99.0	208.7	12.3
Cameron Dicker	LAC	K	ARI	10.1	95.1	99.0	159.1	9.4
Omarion Hampton	LAC	RB	ARI	19.2	93.7	99.0	284.9	16.8
Texans D/ST	HOU	DST	BUF	11.1	82.8	98.9	217.4	12.8
Rashee Rice	KC	WR	DEN	15.2	92.9	98.9	274.3	16.1
DeVonta Smith	PHI	WR	WSH	15.0	88.4	98.8	243.2	14.3
Broncos D/ST	DEN	DST	@KC	11.3	82.7	98.6	218.1	12.8
Jayden Daniels	WSH	QB	@PHI	16.4	84.8	98.6	312.9	18.4
Chase Brown	CIN	RB	TB	16.4	90.5	98.6	277.4	16.3
Jeremiyah Love	ARI	RB	@LAC	16.5	93.2	98.5	284.5	16.7
Malik Nabers	NYG	WR	DAL	0.0	57.5	98.4	222.0	14.8
Chris Olave	NO	WR	@DET	14.4	88.0	98.4	249.2	14.7
TreVeyon Henderson	NE	RB	@SEA	10.9	49.5	93.0	211.6	12.4
Rams D/ST	LAR	DST	SF	11.3	77.4	92.7	206.6	12.2
Harold Fannin Jr.	CLE	TE	@JAX	11.3	82.6	92.7	189.3	11.1
Matthew Stafford	LAR	QB	SF	17.4	46.1	92.7	290.9	17.1
DJ Moore	BUF	WR	@HOU	11.8	44.0	92.7	213.3	12.5
Steelers D/ST	PIT	DST	ATL	12.3	82.9	92.6	212.9	12.5
Rome Odunze	CHI	WR	@CAR	12.6	39.9	91.9	216.6	12.7
D'Andre Swift	CHI	RB	@CAR	12.6	50.2	91.6	216.3	12.7
David Montgomery	HOU	RB	BUF	12.5	36.9	91.5	196.4	11.6
DK Metcalf	PIT	WR	ATL	12.3	25.2	91.3	198.1	11.7
Harrison Mevis	LAR	K	SF	9.2	85.3	91.3	155.7	9.2
Jadarian Price	SEA	RB	NE	13.9	49.1	91.0	197.8	11.6
Luther Burden III	CHI	WR	@CAR	12.1	27.3	90.9	209.0	12.3
Mike Evans	SF	WR	@LAR	11.3	24.2	90.4	187.8	11.0
Travis Kelce	KC	TE	DEN	9.9	58.4	90.4	178.6	10.5
Caleb Williams	CHI	QB	@CAR	16.1	40.1	90.4	278.0	16.4
Marvin Harrison Jr.	ARI	WR	@LAC	11.6	18.5	90.2	196.9	11.6
Courtland Sutton	DEN	WR	@KC	11.8	18.4	90.2	206.7	12.2
Michael Pittman Jr.	PIT	WR	ATL	12.4	18.5	90.2	198.6	11.7
Dallas Goedert	PHI	TE	WSH	10.9	59.4	90.1	178.3	10.5
Dak Prescott	DAL	QB	@NYG	16.9	50.8	89.9	281.5	16.6
Bhayshul Tuten	JAX	RB	CLE	12.6	36.4	89.6	208.8	12.3
Cam Little	JAX	K	CLE	8.6	81.3	89.6	143.9	8.5
Chuba Hubbard	CAR	RB	CHI	11.5	21.9	89.0	187.9	11.1
Brock Purdy	SF	QB	@LAR	15.2	38.4	88.6	290.6	17.1
Jake Ferguson	DAL	TE	@NYG	10.0	42.3	88.6	168.2	9.9
Patrick Mahomes	KC	QB	DEN	15.1	20.5	88.5	285.4	16.8
Tony Pollard	TEN	RB	NYJ	12.1	15.7	88.4	194.2	11.4
Alec Pierce	IND	WR	BAL	12.0	9.1	88.3	206.7	12.2
Trevor Lawrence	JAX	QB	CLE	16.5	42.4	87.8	281.1	16.5
Jaylen Warren	PIT	RB	ATL	12.6	18.1	87.8	193.8	11.4
Christian Watson	GB	WR	@MIN	11.0	8.4	87.7	188.8	11.1
Rico Dowdle	PIT	RB	ATL	12.6	14.5	87.4	189.3	11.1
Brian Thomas Jr.	JAX	WR	CLE	10.3	6.0	87.3	178.9	10.5
Justin Herbert	LAC	QB	ARI	18.5	36.0	87.3	271.8	16.0
Tucker Kraft	GB	TE	@MIN	9.6	30.1	87.1	163.9	9.6
Eagles D/ST	PHI	DST	WSH	11.3	74.2	86.8	195.4	11.5
Patriots D/ST	NE	DST	@SEA	10.3	71.2	86.7	190.2	11.2
Ravens D/ST	BAL	DST	@IND	12.1	73.8	86.7	208.0	12.2
Bo Nix	DEN	QB	@KC	16.1	24.3	86.5	294.0	17.3
Jordyn Tyson	NO	WR	@DET	11.0	7.3	86.5	191.2	11.2
Aaron Jones Sr.	MIN	RB	GB	11.1	8.4	86.3	191.4	11.3
Makai Lemon	PHI	WR	WSH	10.8	7.5	86.2	175.4	10.3
Parker Washington	JAX	WR	CLE	10.7	5.2	86.1	186.4	11.0
Jakobi Meyers	JAX	WR	CLE	10.5	4.9	85.9	183.5	10.8
Rhamondre Stevenson	NE	RB	@SEA	10.0	6.2	85.7	193.7	11.4
J.K. Dobbins	DEN	RB	@KC	9.6	6.0	85.6	175.7	10.3
Wan'Dale Robinson	TEN	WR	NYJ	10.5	4.6	85.4	176.0	10.4
Matthew Golden	GB	WR	@MIN	10.9	4.9	85.1	187.4	11.0
Kenny Gainwell	TB	RB	@CIN	10.4	5.2	84.9	174.1	10.2
Michael Wilson	ARI	WR	@LAC	10.0	4.1	84.6	169.4	10.0
Kyle Monangai	CHI	RB	@CAR	10.5	4.6	84.6	179.7	10.6
RJ Harvey	DEN	RB	@KC	9.5	4.3	84.4	168.4	9.9
Rachaad White	WSH	RB	@PHI	9.5	3.8	84.0	176.7	10.4
Chris Godwin Jr.	TB	WR	@CIN	9.6	3.8	83.2	159.1	9.4
Ricky Pearsall	SF	WR	@LAR	10.2	3.3	83.2	167.8	9.9
Eddy Pineiro	SF	K	@LAR	8.5	77.3	83.0	152.6	9.0
Jordan Addison	MIN	WR	GB	10.0	3.5	82.9	172.4	10.1
Isaiah Likely	NYG	TE	DAL	9.9	22.6	82.9	158.3	9.3
Blake Corum	LAR	RB	SF	9.5	2.7	81.0	162.3	9.5
Mark Andrews	BAL	TE	@IND	10.1	25.6	80.8	170.8	10.0
Xavier Worthy	KC	WR	DEN	9.6	2.9	80.3	174.8	10.3
Khalil Shakir	BUF	WR	@HOU	9.6	2.6	79.1	172.4	10.1
Josh Downs	IND	WR	BAL	9.6	1.8	78.2	165.8	9.8
Quentin Johnston	LAC	WR	ARI	10.5	3.1	78.0	166.6	9.8
Jonathon Brooks	CAR	RB	CHI	9.0	1.7	75.6	147.9	8.7
KC Concepcion	CLE	WR	@JAX	9.7	2.0	75.2	164.0	9.6
Jake Bates	DET	K	NO	8.5	67.7	74.9	141.2	8.3
Romeo Doubs	NE	WR	@SEA	9.5	2.4	73.6	172.9	10.2
Jayden Reed	GB	WR	@MIN	10.0	2.2	73.3	172.4	10.1
Jacory Croskey-Merritt	WSH	RB	@PHI	8.0	2.2	73.1	155.1	9.1
Harrison Butker	KC	K	DEN	8.3	63.3	72.1	144.3	8.5
Travis Hunter	JAX	WR	CLE	6.5	3.5	71.0	112.8	6.6
Kenyon Sadiq	NYJ	TE	@TEN	9.7	12.7	69.5	164.3	9.7
Woody Marks	HOU	RB	BUF	8.1	1.6	68.6	129.4	7.6
T.J. Hockenson	MIN	TE	GB	9.3	13.9	67.7	159.2	9.4
Jaguars D/ST	JAX	DST	CLE	13.0	57.1	63.7	178.8	10.5
Browns D/ST	CLE	DST	@JAX	9.9	51.4	60.9	185.2	10.9
Alvin Kamara	NO	RB	@DET	7.0	1.8	59.4	125.9	7.4
Isiah Pacheco	DET	RB	NO	7.6	2.8	58.8	125.6	7.4
Jordan Mason	MIN	RB	GB	7.7	1.3	58.3	132.6	7.8
Lions D/ST	DET	DST	NO	12.2	46.4	56.9	193.5	11.4
Jared Goff	DET	QB	NO	15.9	9.0	56.7	263.7	15.5
Dalton Kincaid	BUF	TE	@HOU	8.8	9.0	53.1	157.5	9.3
Kyler Murray	MIN	QB	GB	16.0	8.3	52.9	244.5	14.4
Tyjae Spears	TEN	RB	NYJ	9.1	1.1	51.5	150.3	8.8
Tyler Loop	BAL	K	@IND	8.1	44.5	49.8	140.5	8.3
Tyler Shough	NO	QB	@DET	13.7	4.9	43.3	255.6	15.0
Chargers D/ST	LAC	DST	ARI	12.2	36.9	43.0	186.8	11.0
Vikings D/ST	MIN	DST	GB	9.9	35.5	42.3	169.6	10.0
Hunter Henry	NE	TE	@SEA	8.3	5.9	42.2	151.1	8.9
Jalen Coker	CAR	WR	CHI	9.1	0.8	41.0	149.7	8.8
Chris Boswell	PIT	K	ATL	8.9	33.1	38.6	140.2	8.2
Baker Mayfield	TB	QB	@CIN	15.6	5.4	38.4	258.4	15.2
Jayden Higgins	HOU	WR	BUF	9.0	0.9	35.3	143.0	8.4
Rashid Shaheed	SEA	WR	NE	8.2	1.7	34.4	141.0	8.3
Cairo Santos	CHI	K	@CAR	8.1	29.7	32.7	140.9	8.3
Will Reichard	MIN	K	GB	8.3	26.9	30.4	139.6	8.2
Chiefs D/ST	KC	DST	DEN	10.2	22.7	28.6	187.9	11.1
Omar Cooper Jr.	NYJ	WR	@TEN	6.2	0.6	28.6	106.0	6.2
Calvin Ridley	TEN	WR	NYJ	8.7	0.7	25.7	145.4	8.6
Jerry Jeudy	CLE	WR	@JAX	8.2	0.7	24.4	139.6	8.2
Daniel Jones	IND	QB	BAL	14.5	2.1	23.4	257.1	15.1
Jordan Love	GB	QB	@MIN	14.9	3.4	22.4	257.0	15.1
Juwan Johnson	NO	TE	@DET	8.3	3.6	21.6	143.8	8.5
Jalen McMillan	TB	WR	@CIN	8.1	0.5	21.3	134.2	7.9
Chris Rodriguez Jr.	JAX	RB	CLE	4.5	0.5	20.2	72.4	4.3
Tyler Allgeier	ARI	RB	@LAC	5.4	0.5	19.0	92.6	5.4
Chase McLaughlin	TB	K	@CIN	8.1	15.8	18.7	139.6	8.2
Fernando Mendoza	LV	QB	MIA	0.6	1.3	14.3	178.1	10.5
Sam Darnold	SEA	QB	NE	13.6	1.9	13.4	235.3	13.8
C.J. Stroud	HOU	QB	BUF	15.9	2.1	12.2	238.8	14.0
Oronde Gadsden	LAC	TE	ARI	7.3	2.1	11.6	116.7	6.9
Tyrone Tracy Jr.	NYG	RB	DAL	5.0	0.7	11.6	81.5	4.8
Tank Bigsby	PHI	RB	WSH	4.3	0.5	11.6	65.1	3.8
Packers D/ST	GB	DST	@MIN	10.5	7.9	11.4	178.2	10.5
Denzel Boston	CLE	WR	@JAX	7.8	0.5	11.4	132.8	7.8
Brenton Strange	JAX	TE	CLE	8.2	2.3	11.4	143.4	8.4
Evan McPherson	CIN	K	TB	8.3	8.7	10.9	138.1	8.1
Tre Tucker	LV	WR	MIA	9.1	0.7	10.7	138.1	8.1
Brian Robinson Jr.	ATL	RB	@PIT	5.1	0.8	10.2	95.6	5.6
Malik Willis	MIA	QB	@LV	14.1	1.2	10.2	227.4	13.4
Tank Dell	HOU	WR	BUF	4.3	0.4	10.1	69.1	4.1
Jauan Jennings	MIN	WR	GB	6.7	0.5	9.9	115.3	6.8
Cowboys D/ST	DAL	DST	@NYG	10.2	4.6	8.8	165.2	9.7
Cam Ward	TEN	QB	NYJ	13.1	1.0	8.5	208.2	12.2
Terrance Ferguson	LAR	TE	SF	8.1	1.4	7.9	137.0	8.1
Chig Okonkwo	WSH	TE	@PHI	6.9	1.4	7.8	123.4	7.3
Bears D/ST	CHI	DST	@CAR	11.7	5.3	7.6	180.1	10.6
49ers D/ST	SF	DST	@LAR	9.0	4.1	7.5	176.4	10.4
Buccaneers D/ST	TB	DST	@CIN	9.9	5.3	7.5	178.4	10.5
Germie Bernard	PIT	WR	ATL	8.0	0.4	7.4	102.4	6.0
Cooper Kupp	SEA	WR	NE	6.3	0.9	7.4	171.6	10.1
Saints D/ST	NO	DST	@DET	8.9	6.1	7.3	134.3	7.9
Dalton Schultz	HOU	TE	BUF	8.5	1.5	7.1	96.2	5.7
Darnell Mooney	NYG	WR	DAL	9.3	0.6	6.7	66.5	3.9
Mike Washington Jr.	LV	RB	MIA	5.0	0.3	6.3	88.9	5.2
Braelon Allen	NYJ	RB	@TEN	5.4	0.3	6.3	129.4	7.6
Jake Elliott	PHI	K	WSH	8.1	4.2	6.3	136.9	8.1
Pat Freiermuth	PIT	TE	ATL	8.5	1.4	6.2	229.7	13.5
Bryce Young	CAR	QB	CHI	14.5	0.8	5.7	116.6	6.9
Antonio Williams	WSH	WR	@PHI	6.5	0.2	5.6	41.7	2.5
George Holani	SEA	RB	NE	6.5	0.3	5.3	138.0	8.1
Trey Smack	GB	K	@MIN	7.9	4.1	5.3	116.1	6.8
Jalen Nailor	LV	WR	MIA	7.6	0.3	4.8	170.5	10.0
Titans D/ST	TEN	DST	NYJ	12.1	3.9	4.8	89.4	5.3
Chris Bell	MIA	WR	@LV	5.3	0.2	4.7	89.4	5.3
Bills D/ST	BUF	DST	@HOU	10.0	2.6	4.5	157.2	9.2
Justice Hill	BAL	RB	@IND	6.8	0.4	4.2	115.0	6.8
AJ Barner	SEA	TE	NE	6.6	0.8	4.1	114.4	6.7
David Njoku	LAC	TE	ARI	5.3	0.6	4.0	85.3	5.0
Isaac TeSlaa	DET	WR	NO	4.3	0.3	3.9	73.6	4.3
Keaton Mitchell	LAC	RB	ARI	4.3	0.2	3.9	64.4	3.8
Aaron Rodgers	PIT	QB	ATL	14.3	0.6	3.8	209.5	12.3
Nick Folk	ATL	K	@PIT	7.6	2.9	3.7	139.0	8.2
Giants D/ST	NYG	DST	DAL	9.7	2.1	3.6	168.1	9.9
Colts D/ST	IND	DST	BAL	9.1	2.3	3.6	180.5	10.6
Wil Lutz	DEN	K	@KC	7.3	2.6	3.6	130.3	7.7
Odell Beckham Jr.	NYG	WR	DAL	4.9	0.4	3.6	38.2	2.2
Adonai Mitchell	NYJ	WR	@TEN	6.9	0.2	3.5	117.7	6.9
Jonah Coleman	DEN	RB	@KC	2.3	0.1	3.4	41.1	2.4
Andy Borregales	NE	K	@SEA	6.6	2.7	3.4	122.3	7.2
Ray Davis	BUF	RB	@HOU	2.0	0.3	3.3	36.4	2.1
Dylan Sampson	CLE	RB	@JAX	5.0	0.4	3.2	86.7	5.1
Rashod Bateman	BAL	WR	@IND	7.3	0.3	3.1	124.2	7.3
Gunnar Helm	TEN	TE	NYJ	7.5	0.6	3.1	127.1	7.5
Jordan James	SF	RB	@LAR	3.4	0.2	3.0	65.3	3.8
De'Zhaun Stribling	SF	WR	@LAR	4.7	0.1	2.9	63.2	3.7
Jake Tonges	SF	TE	@LAR	8.2	0.8	2.8	33.9	2.0
Malik Washington	MIA	WR	@LV	6.2	0.4	2.8	103.8	6.1
Emmett Johnson	KC	RB	DEN	2.5	0.2	2.7	46.9	2.8
Nicholas Singleton	TEN	RB	NYJ	1.2	0.1	2.7	19.9	1.2
Ja'Kobi Lane	BAL	WR	@IND	4.9	0.3	2.7	83.0	4.9
MarShawn Lloyd	GB	RB	@MIN	3.8	0.2	2.6	65.3	3.8
Bengals D/ST	CIN	DST	TB	10.2	1.5	2.6	174.8	10.3
Jacoby Brissett	ARI	QB	@LAC	12.5	0.3	2.6	189.7	11.2
Greg Dulcich	MIA	TE	@LV	7.1	0.5	2.6	120.2	7.1
Evan Engram	DEN	TE	@KC	6.2	0.5	2.5	107.1	6.3
Kayshon Boutte	NE	WR	@SEA	3.7	0.3	2.5	68.5	4.0
Tre' Harris	LAC	WR	ARI	5.7	0.2	2.4	90.1	5.3
Kaelon Black	SF	RB	@LAR	1.8	0.1	2.4	35.0	2.1
Zachariah Branch	ATL	WR	@PIT	4.6	0.2	2.4	81.2	4.8
Shedeur Sanders	CLE	QB	@JAX	0.5	0.2	2.4	92.3	5.4
Ryan Flournoy	DAL	WR	@NYG	5.4	0.3	2.3	90.3	5.3
Christian Kirk	SF	WR	@LAR	4.8	0.2	2.3	67.9	4.0
Geno Smith	NYJ	QB	@TEN	13.2	0.3	2.2	221.5	13.0
Cade Otton	TB	TE	@CIN	6.2	0.4	2.2	102.8	6.0
Jason Sanders	NYJ	K	@TEN	7.3	1.7	2.1	125.6	7.4
Tua Tagovailoa	ATL	QB	@PIT	10.2	0.3	2.1	111.0	6.5
Panthers D/ST	CAR	DST	CHI	8.3	1.2	2.1	156.1	9.2
Jack Bech	LV	WR	MIA	6.1	0.2	2.1	92.0	5.4
Kimani Vidal	LAC	RB	ARI	2.6	0.2	2.0	39.1	2.3
Raiders D/ST	LV	DST	MIA	10.1	1.3	2.0	153.2	9.0
Samaje Perine	CIN	RB	TB	6.0	0.3	1.9	101.9	6.0
Mike Gesicki	CIN	TE	TB	6.4	0.4	1.9	107.7	6.3
Keon Coleman	BUF	WR	@HOU	3.7	0.2	1.8	60.3	3.5
Eli Stowers	PHI	TE	WSH	2.4	0.2	1.8	38.0	2.2
Jaydon Blue	DAL	RB	@NYG	2.8	0.3	1.8	47.2	2.8
Kaytron Allen	WSH	RB	@PHI	0.9	0.1	1.7	16.0	0.9
Falcons D/ST	ATL	DST	@PIT	10.3	0.9	1.6	160.2	9.4
Darnell Washington	PIT	TE	ATL	4.5	0.3	1.5	72.6	4.3
Charlie Smyth	NO	K	@DET	7.4	1.1	1.5	132.6	7.8
Tyler Bass	BUF	K	@HOU	7.2	0.9	1.5	131.0	7.7
Jaylin Noel	HOU	WR	BUF	6.5	0.1	1.5	103.1	6.1
Colby Parkinson	LAR	TE	SF	3.9	0.3	1.5	65.0	3.8
Troy Franklin	DEN	WR	@KC	2.9	0.1	1.4	51.2	3.0
Deshaun Watson	CLE	QB	@JAX	11.7	0.2	1.4	114.0	6.7
Demond Claiborne	MIN	RB	GB	1.4	0.1	1.4	24.3	1.4
Chimere Dike	TEN	WR	NYJ	1.6	0.2	1.4	26.0	1.5
Malachi Fields	NYG	WR	DAL	2.2	0.1	1.3	34.7	2.0
Commanders D/ST	WSH	DST	@PHI	10.5	0.8	1.3	178.2	10.5
Jets D/ST	NYJ	DST	@TEN	12.1	0.8	1.3	189.4	11.1
Pat Bryant	DEN	WR	@KC	4.2	0.1	1.3	73.2	4.3
Caleb Douglas	MIA	WR	@LV	4.8	0.1	1.2	81.1	4.8
Tory Horton	SEA	WR	NE	3.8	0.1	1.2	65.8	3.9
Jaylen Wright	MIA	RB	@LV	2.7	0.2	1.1	43.7	2.6
Blake Grupe	IND	K	BAL	7.4	0.7	1.1	126.1	7.4
Darius Slayton	NYG	WR	DAL	8.5	0.3	1.1	87.8	5.2
Xavier Legette	CAR	WR	CHI	4.4	0.1	1.1	71.4	4.2
Matt Gay	LV	K	MIA	7.7	0.7	1.1	119.0	7.0
Skyler Bell	BUF	WR	@HOU	2.4	0.1	1.1	43.4	2.6
Michael Penix Jr.	ATL	QB	@PIT	0.5	0.1	1.0	111.2	6.5
Chris Brazzell II	CAR	WR	CHI	3.7	0.1	1.0	61.7	3.6
Ollie Gordon II	MIA	RB	@LV	2.2	0.1	1.0	35.3	2.1
Dontayvion Wicks	PHI	WR	WSH	4.1	0.1	1.0	66.2	3.9
Devaughn Vele	NO	WR	@DET	3.5	0.1	1.0	61.1	3.6
Ty Johnson	BUF	RB	@HOU	4.7	0.2	1.0	85.4	5.0
Elijah Sarratt	BAL	WR	@IND	3.5	0.1	0.9	60.2	3.5
Kaleb Johnson	PIT	RB	ATL	0.3	0.1	0.9	4.9	0.3
Ted Hurst III	TB	WR	@CIN	4.0	0.0	0.9	65.6	3.9
Ty Simpson	LAR	QB	SF	0.6	0.1	0.9	9.5	0.6
Theo Johnson	NYG	TE	DAL	4.4	0.2	0.9	63.7	3.7
Jalen Tolbert	MIA	WR	@LV	5.4	0.1	0.9	90.3	5.3
Cole Kmet	CHI	TE	@CAR	3.1	0.3	0.9	54.1	3.2
Justin Fields	KC	QB	DEN	0.5	0.1	0.8	9.8	0.6
Dolphins D/ST	MIA	DST	@LV	9.9	0.6	0.8	152.2	9.0
Adam Randall	BAL	RB	@IND	1.5	0.1	0.8	25.4	1.5
Dawson Knox	BUF	TE	@HOU	3.8	0.2	0.8	68.9	4.1
Chris Brooks	GB	RB	@MIN	2.6	0.1	0.8	44.0	2.6
Michael Mayer	LV	TE	MIA	5.3	0.2	0.8	81.2	4.8
Hollywood Brown	PHI	WR	WSH	3.2	0.1	0.8	51.3	3.0
Kirk Cousins	LV	QB	MIA	14.5	0.3	1.5	45.1	2.7
J.J. McCarthy	MIN	QB	GB	0.6	0.1	1.2	38.7	2.3
Carson Beck	ARI	QB	@LAC	0.0	0.1	1.1	119.0	7.0
